modelo,marca,a√±o,VIN del carro
Grand Voyager,Plymouth,1995,WAUXU64B72N835517
Suburban 2500,Chevrolet,2001,JH4CU2F68AC743688
Navajo,Mazda,1994,3VW507ATXEM856804
Grand Vitara,Suzuki,2006,3N1CE2CPXFL486804
Quest,Nissan,1993,JN8AF5MR7BT240774
Continental,Bentley,2009,1FBSS3BL5AD124210
Sonata,Hyundai,1995,1FADP3E20FL878792
Sunbird,Pontiac,1988,JM1NC2MF9E0474527
Xterra,Nissan,2000,WBAVB73507F893839
7 Series,BMW,2009,1D7CE3GK8AS869688
E350,Ford,2005,5N1AA0ND2EN049428
Sonata,Hyundai,1999,WP0CA2A85FS986634
Grand Cherokee,Jeep,2006,2G4WB52K411457475
4Runner,Toyota,2005,WAUJC58E53A724044
Mystique,Mercury,1998,1GKS1FEJ4CR142009
Safari,GMC,1994,SALSF2D43DA042221
Rodeo Sport,Isuzu,2003,1G6D25ED7B0643293
Yukon,GMC,2006,3C63D2CL1CG913859
Cayenne,Porsche,2005,1FTNF1E81AK578331
300,Chrysler,2006,3D4PG6FV7AT481341
Crown Victoria,Ford,2003,5FRYD3H62GB363444
S2000,Honda,2000,WA1C8AFP1EA447500
M-Class,Mercedes-Benz,2007,JN1BY1ARXFM685200
V50,Volvo,2009,WBAXH5C58DD807356
RSX,Acura,2002,KNADM4A32F6122223
QX,Infiniti,1998,WAULC68EX2A640122
E-Class,Mercedes-Benz,2002,4T1BF1FK4DU192152
Caravan,Dodge,2006,3VW4A7AT0DM514432
Vision,Eagle,1997,19UUA8F27AA796474
Grand Prix,Pontiac,1972,1FTMF1E83AK175088
Daewoo Magnus,Suzuki,2006,2G4GZ5GV8B9310615
Cultus,Suzuki,1985,KM8JT3AC2AU262484
LX,Lexus,2002,WAUGN74F57N040124
Mountaineer,Mercury,2010,SAJWA4DC0EM654971
Legacy,Subaru,2011,1G4GC5EC6BF592215
Continental,Bentley,2008,WAUVT58EX2A971883
Grand Voyager,Plymouth,1996,4T1BK3DB3CU732860
Ram Van 2500,Dodge,2002,WAUJC68E52A532840
Impreza WRX,Subaru,2010,WDDHF5GB8AA526013
Ram 3500,Dodge,2005,WVGAV7AXXAW809980
Firebird,Pontiac,2002,2G4GK5EX2E9478862
Civic,Honda,1993,WAUKFBFL4CN370635
Topaz,Mercury,1985,KNDJT2A50D7991473
3 Series,BMW,2011,1GYS4CEF6CR668696
X5,BMW,2002,2GKALMEK7E6046022
A4,Audi,2003,WBAUL7C51AV373445
C-Class,Mercedes-Benz,2002,2T1BPRHE1FC657333
Civic,Honda,2006,JH4NA216X5S653656
911,Porsche,2013,WAUHFBFL3DN720980
Civic,Honda,2002,3D7JB1ET7BG757618
88,Oldsmobile,1996,WAUVC68E93A832559
Sierra,GMC,2007,2C3CDXJG1DH873770
Cavalier,Chevrolet,1995,1G6DS5E33D0138166
530,BMW,2005,19XFB4F23EE965731
Clubman,MINI,2008,1G4HP54K114013028
Skyhawk,Buick,1986,WP0AA2A97DS516439
Express,Chevrolet,2007,1FTSW2A53AE841597
Impala,Chevrolet,2001,5N1AT2ML4FC747356
Previa,Toyota,1991,WBAPN73589A557436
Optima,Kia,2001,1G6DJ1ED6B0875847
G37,Infiniti,2008,19XFB2F28CE955424
Jetta,Volkswagen,1984,JN1AZ4EH7AM205165
Carens,Kia,2008,1N4AB7AP5EN679007
CL,Acura,2003,WAUHFAFL4BA935881
LTD Crown Victoria,Ford,1993,1N4AB7AP7DN291971
Phantom,Rolls-Royce,2007,2G4WF521741997046
Aztek,Pontiac,2005,JH4KB166X7C639482
Esteem,Suzuki,1996,5GAKRBKD8DJ858635
Prowler,Plymouth,1997,1GD22XEG1FZ318260
3 Series,BMW,1997,WAUSF78E18A939676
S80,Volvo,2004,1FTEW1CF7FF756759
Corvette,Chevrolet,2006,KMHHT6KD5AU881720
XLR,Cadillac,2009,JTJBM7FX8E5123269
Sierra 2500,GMC,2009,19UUA65524A247043
Yukon,GMC,1996,2G4WE587081522763
CR-V,Honda,2005,5TFCY5F13DX608742
Sephia,Kia,1998,19UYA42542A821018
Verona,Suzuki,2004,KNDJT2A52C7841296
S10,Chevrolet,1997,KL4CJHSB0EB491375
4Runner,Toyota,2002,5J6YH1H33BL347706
D150 Club,Dodge,1992,2C4RDGBG1DR462352
Jetta,Volkswagen,1984,1FTWX3B58AE774675
Tahoe,Chevrolet,1999,WBA3A9G58FN929250
Summit,Eagle,1992,WBS3C9C53FP789480
Colorado,Chevrolet,2011,SCFEDEAN2CG052700
B-Series Plus,Mazda,1999,WAUKG98E16A625418
1500,GMC,1995,3D73Y4CL1BG809417
Impreza WRX,Subaru,2011,WAUKG78E35A999175
Pathfinder,Nissan,2007,19UUA65625A963032
740,Volvo,1992,WAUDV74F69N173948
Sienna,Toyota,1999,KNADH4A30A6805177
Civic,Honda,2009,JTHBL5EF2D5898442
4Runner,Toyota,2011,3D73Y4HL8AG661256
H2 SUT,Hummer,2006,SALGR2VF2EA079615
Savana 3500,GMC,2010,1J4NF1FB6BD685517
Prius,Toyota,2001,WAUHE78P89A296873
330,BMW,2006,WP0AB2A92FS595115
Equus,Hyundai,2012,YV4902BZ2E1575049
Skylark,Buick,1989,1G6DL5ED8B0265966
Mighty Max,Mitsubishi,1992,WAUJT64B74N114836
Mariner,Mercury,2011,WA1VMAFE5FD128894
Accent,Hyundai,2002,2G4GN5EX7E9067366
Santa Fe,Hyundai,2002,WBANA53584B462174
Sable,Mercury,1999,JN1AJ0HP8BM377581
Passport,Honda,2000,2G4WC582791286026
G-Class,Mercedes-Benz,2012,2B3CK3CV1AH425418
RX-8,Mazda,2006,1G6DM5EY3B0048793
Previa,Toyota,1995,5GADV33LX6D343198
Silverado,Chevrolet,2003,WAUEFAFL4CN013740
Sable,Mercury,2001,5UXWY3C59F0087030
Golf,Volkswagen,1997,3N1BC1AP0BL777580
Eurovan,Volkswagen,2000,JM1NC2JF0B0902324
Caliber,Dodge,2007,JM1GJ1T54E1997482
Mazda6,Mazda,2006,WAUVVAFR5CA859812
Savana 2500,GMC,2004,3MZBM1K71FM113746
960,Volvo,1992,SCBLE47K88C023911
RDX,Acura,2007,5FRYD4H2XFB279308
Escalade ESV,Cadillac,2008,JHMZF1D62ES329626
A8,Audi,1997,JN8AZ2NC4E9468250
F-Series,Ford,1990,SALFR2BG9FH249535
G-Series 2500,Chevrolet,1996,1FTMF1E88AK801508
900,Saab,1993,1FTFW1E81AK889875
Fairlane,Ford,1966,1FMJK1F58CE005826
RAV4,Toyota,2011,1G4HP54K954401615
Celica,Toyota,1984,1G6AE1RX0F0547003
S6,Audi,2007,3VW1K7AJ7BM133995
Vandura 3500,GMC,1993,1G6KD57Y57U159835
Galant,Mitsubishi,1987,2G4WE537651953868
Sequoia,Toyota,2012,JN8AE2KP1B9380674
Topaz,Mercury,1987,5N1AA0NC7AN036286
M-Class,Mercedes-Benz,2008,4T1BD1FK7DU717677
Cayman,Porsche,2012,1G6DM56T250559922
Quest,Nissan,1998,WBAXA5C52ED332499
Eldorado,Cadillac,1995,JN8AF5MV7FT443800
Topaz,Mercury,1991,WBADN63441G263540
Explorer,Ford,1992,WA1VMBFEXBD239683
Grand Voyager,Plymouth,1998,WBADW3C53DE425789
Silhouette,Oldsmobile,2001,WAUGL98E77A422813
IS,Lexus,2002,2G4WF521731382267
3500,Chevrolet,1993,1N6AA0CA8DN840815
H1,Hummer,2003,WDDHF0EB5EA986743
Crossfire,Chrysler,2006,1FTEW1CM1DK025375
Silverado 1500,Chevrolet,2009,2FMGK5BC0BB720387
Cougar,Mercury,1991,3GTU2YEJXBG649802
Volt,Chevrolet,2011,JTEBU5JR2A5797181
Bonneville,Pontiac,1966,1G6AX5S39F0648937
Cherokee,Jeep,1992,1N6AD0CW8FN759450
Cougar,Mercury,1967,1C4SDJCT9DC884162
Express,Chevrolet,2008,WAUDV74F77N735059
Avalanche 2500,Chevrolet,2002,JH4KB2F65CC100221
Regal,Buick,1985,SALME1D43BA959159
V50,Volvo,2008,WA1EY94L97D715072
G-Series G20,Chevrolet,1995,JH4CL96866C413438
Tribute,Mazda,2006,5LMJJ2H57AE608611
6 Series,BMW,2006,WAUVC68EX5A413087
SC,Lexus,2007,JN8AZ1MU2EW032129
Cayenne,Porsche,2008,5J8TB3H35EL044445
Yukon,GMC,2003,1C6RD7MT7CS301891
TL,Acura,2009,JH4CW2H6XEC160097
CLK-Class,Mercedes-Benz,1999,WBABS53453J626332
Coachbuilder,Buick,1994,WA1YD64B95N872736
Trooper,Isuzu,1995,SAJWA0F72F8817719
Passport,Honda,2000,WAUSG78E46A298436
Miata MX-5,Mazda,2011,JN8AE2KP7E9066936
XJ,Jaguar,2010,WAUWFAFL7AA493751
Liberty,Jeep,2012,19VDE3F73DE835007
DeVille,Cadillac,1997,JM1DE1KY3E0359412
MPV,Mazda,2005,2T1BU4EEXBC614636
Reno,Suzuki,2005,5GADX23L86D347366
Galant,Mitsubishi,1991,1FMJU1G52AE949028
Suburban 2500,Chevrolet,2007,JM1NC2MF6D0588631
i-Series,Isuzu,2007,WP0AA2A80BU269807
Sky,Saturn,2009,1G6D25ED7B0913350
Pathfinder,Nissan,2005,WAUJT68EX4A083481
Golf,Volkswagen,1988,1G6DP1E30D0553083
SL-Class,Mercedes-Benz,2009,5GAKRCKD0EJ293370
Escalade,Cadillac,2008,WA1VFAFL7DA240510
3 Series,BMW,2002,1G4HP54K754796409
X3,BMW,2006,1FMEU7EE0AU033235
Quest,Nissan,1998,YV1612FS7E1936642
Yukon XL 2500,GMC,2001,1G6DL5EY3B0100491
Stylus,Isuzu,1992,WUAAU34258N403799
Pathfinder,Nissan,2006,3C6TD5FT0CG190857
Navajo,Mazda,1994,1GD311CG5FZ294410
Explorer Sport Trac,Ford,2006,3C3CFFFH2CT687554
SC,Lexus,1993,JH4KA966X2C824142
525,BMW,2004,1FTMF1CW1AF444912
Windstar,Ford,2000,4T1BF1FK5CU050214
RX-7,Mazda,1991,1FTEX1EW7AF197006
Cabriolet,Volkswagen,1999,5XYZG3AB0BG187600
M5,BMW,2000,WUADU78E18N218769
Sierra 1500,GMC,2006,WBA3T3C55FP297194
3500 Club Coupe,GMC,1997,WBALW3C5XDC520812
XJ Series,Jaguar,1993,WAUDFAFL3BN216029
Cabriolet,Volkswagen,1998,1FAHP3FN6AW234070
Forester,Subaru,2002,ZFBCFADH3EZ807670
F-Series Super Duty,Ford,2010,WBA3C1C59EK134872
Malibu,Chevrolet,1997,WBAHN03568D962994
RX,Lexus,2005,WAUWFBFL1AA584259
Wrangler,Jeep,2006,1FTEX1C82AF596300
CTS-V,Cadillac,2010,KMHEC4A48DA522697
Envoy,GMC,2004,1D7RV1CP7BS094950
Prelude,Honda,1997,WBACK73471L282214
Firefly,Pontiac,1992,WA1VKAFP3AA393931
Hombre Space,Isuzu,1997,1C3CDFEB5ED133419
Monterey,Mercury,2007,1FTFW1E83AK303404
Impreza,Subaru,2003,1D7RB1GK3BS333935
S60,Volvo,2012,1N6AF0LY4EN294496
3500,Chevrolet,1998,1G6DE8E5XD0640330
V8 Vantage,Aston Martin,2008,WDDHF0EB7EB296647
Grand Cherokee,Jeep,1999,WBAPN7C58BA558883
Ram Van 3500,Dodge,1999,JN1CV6AR0FM317392
V70,Volvo,1998,5XYKT3A60FG196125
RS4,Audi,2008,1N6AA0CA9BN371926
Journey,Dodge,2009,WAUEH78E66A276335
Escort,Ford,1984,KMHDB8AE2CU727170
S60,Volvo,2009,WAUBFAFL0AN229326
Corvette,Chevrolet,2009,5N1AT2MK4EC705601
Range Rover,Land Rover,1999,19UYA426X3A639124
5 Series,BMW,2010,1G6DK5EY4B0402682
Traverse,Chevrolet,2012,JTHBF1D26F5238356
GT-R,Nissan,2013,WBAWB7C51AP777779
New Beetle,Volkswagen,2008,WA1VMAFE8AD313272
Insight,Honda,2001,1G4GE5EV7AF353699
Typ-1,Aptera,2009,WBAAW33411E700856
Fleetwood,Cadillac,1993,WVWAN7AN6DE231440
Passat,Volkswagen,1991,WBAFR9C52BD744705
V50,Volvo,2008,2G4GT5GR9C9700399
A3,Audi,2011,WP0CA2A86AU836044
Continental GT,Bentley,2007,1G6DK1E37C0275456
Yaris,Toyota,2008,WBAGN63505D076373
Malibu,Chevrolet,2007,5J8TB3H59GL065979
Cabriolet,Volkswagen,2002,KNDJT2A59D7681029
LS,Lexus,2002,1FTEW1E8XAF880452
5 Series,BMW,2003,JHMFB4F23CS157954
Citation,Chevrolet,1980,WAUBH78E48A200828
X6,BMW,2012,1D4RD5GG0BC459772
SJ,Suzuki,1992,WAUPFAFM3AA964257
Viper,Dodge,1993,KNADM5A37E6856991
Frontier,Nissan,2002,4T1BF3EK3AU875422
M3,BMW,1998,3VWML7AJ9EM310495
Mustang,Ford,2001,3GYFNAEY6BS018704
MPV,Mazda,1996,1GYEE637290412074
Express 3500,Chevrolet,1997,2FMHK6DT7AB690195
530,BMW,2007,WAUGF78K99A631698
Mountaineer,Mercury,2007,WBA1M1C57FV718210
Previa,Toyota,1991,1FTEX1E86AK079604
W201,Mercedes-Benz,1993,JH4NA21604S658279
Eos,Volkswagen,2010,2G4GT5GX8F9552670
W126,Mercedes-Benz,1981,WAULC58E65A559827
S80,Volvo,2007,WAUML64B82N586490
IS F,Lexus,2008,5TDBY5G18DS838521
New Yorker,Chrysler,1996,WBAYF8C57ED704099
Axiom,Isuzu,2004,JN8AS5MT9CW172680
Caprice Classic,Chevrolet,1993,JN1BJ0HR8EM648875
Cougar,Mercury,1989,JHMFB4F22CS394354
Explorer Sport,Ford,2001,WAUDGAFL1BA633279
Grand Prix,Pontiac,1995,WBABW53425P870928
Endeavor,Mitsubishi,2009,WBAGN63505D097174
Eclipse,Mitsubishi,1993,2C3CCAHG1CH696349
Arnage,Bentley,2009,1FTMF1EW4AK260276
Impala SS,Chevrolet,1995,WAUAF78E95A834066
Integra,Acura,1988,5BZAF0AA6EN181769
Sportvan G20,Chevrolet,1993,1FMCU4K38AK045072
Sportage,Kia,2009,JN1CV6EK0DM504660
CT,Lexus,2011,19UYA42461A643098
5 Series,BMW,2001,WA1MKBFP9AA381249
Vanagon,Volkswagen,1984,1G4GG5E36DF605066
Crown Victoria,Ford,2004,WBADW3C56DJ425583
Mustang,Ford,2007,WAUDG74F76N899615
Cayman,Porsche,2009,WBAEW53443P036377
8 Series,BMW,1995,5UXWY3C58F0889990
Econoline E350,Ford,1998,5NPDH4AE9CH090512
T100 Xtra,Toyota,1996,SAJWJ1CDXF8221029
RX-7,Mazda,1988,5LMJJ3H50AE110157
Range Rover,Land Rover,2006,19UUA66265A621272
Colt Vista,Plymouth,1994,WBAVB73507K493819
Tribute,Mazda,2003,JTDKN3DP9D3796674
Impreza,Subaru,2009,1FBNE3BL6ED998088
Corvette,Chevrolet,1997,JN8AE2KP0B9307876
Tracer,Mercury,1999,5UXZV4C59D0892230
S5,Audi,2010,JN1AZ4EH5FM415884
Sedona,Kia,2003,WBAKX6C50BC753492
Reno,Suzuki,2006,1G6DS5EV0A0969699
Continental,Lincoln,1996,WAUDFAFL8CN497973
LTD Crown Victoria,Ford,1984,WAUNE78P18A150798
Electra,Buick,1985,WAUHGAFC2DN022867
Passat,Volkswagen,2007,WBAFR7C57CC816185
Mustang,Ford,2006,3D7TP2CT6BG286290
Catera,Cadillac,1998,WBADW7C54DE806672
X5 M,BMW,2012,1G6AB5R39E0591142
Defender 90,Land Rover,1995,KMHTC6AD9DU203603
Talon,Eagle,1992,WBAUN93549V115390
Grand Prix,Pontiac,1962,5UXZV8C54DL563375
Range Rover Sport,Land Rover,2010,JHMFA3F20BS753163
LX,Lexus,2002,2T1BURHE5FC566249
Milan,Mercury,2011,1GYEC63T43R475957
Mustang,Ford,1989,1G6DJ5E3XD0779401
88,Oldsmobile,1993,JH4KB16677C641092
Sidekick,Suzuki,1994,1GKS1AE06DR674678
Escalade,Cadillac,2010,WAUKC68D41A006015
V70,Volvo,2007,1G4GH5E35DF559470
Cougar,Mercury,1997,1D7CW7GP6AS470536
Festiva,Ford,1993,JN1BV7APXFM251644
Caravan,Dodge,1999,1G6AB5SAXE0729604
Cabriolet,Volkswagen,2000,3N1CN7AP9DL216184
LR3,Land Rover,2006,JTDZN3EU5EJ852285
Eurovan,Volkswagen,2001,5N1AR2MM7EC105137
1000,Pontiac,1985,1G4HR54K13U145557
CX-9,Mazda,2010,2G4GT5GK8C9134352
Civic,Honda,1988,1G4GL5E35CF125465
Type 2,Volkswagen,1990,JN8AE2KP0C9937849
LS,Lexus,2010,JTHDU1EF0A5571693
Corvette,Chevrolet,1961,5TFBY5F16CX713978
Accord,Honda,1986,3FAHP0CG4BR358900
Crossfire,Chrysler,2004,1G4CW54K114202243
88,Oldsmobile,1993,WAUNF98P76A644069
Caprice,Chevrolet,1996,1GYUCHEF3AR809603
Sierra 1500,GMC,2009,1G4GC5GR1CF785827
900,Saab,1990,5GAER23D09J565346
Avalon,Toyota,2003,WA1LMAFEXED035522
Gallardo,Lamborghini,2010,WA1DVAFE6AD635384
Mazda6,Mazda,2010,1FTSF3B59AE978600
Town & Country,Chrysler,1997,1G6DL1E38C0406942
Sierra 3500,GMC,2007,WP0CA2A86BU898058
Cobalt,Chevrolet,2006,1G6AK5SX3E0158963
9000,Saab,1993,1FTEW1E82AK907974
Achieva,Oldsmobile,1994,JH4CU2E88EC590125
Laser,Plymouth,1991,2C3CDXHG1CH659317
Sentra,Nissan,2004,YV1952AS2E1910328
Lumina,Chevrolet,1999,WAUJC58E82A869030
Integra,Acura,1993,1FMHK7B8XBG195066
CTS,Cadillac,2012,JN8AZ2NE1F9685712
Econoline E350,Ford,1994,1G6AC5SXXF0701398
Cabriolet,Volkswagen,2002,1N6AA0CH4EN213849
Vantage,Aston Martin,2010,WBAUC7C54AV150350
X-90,Suzuki,1996,1FTWW3A59AE624238
A4,Audi,2003,2G4GL5EX4E9250598
Express 1500,Chevrolet,2010,WBXPC93418W945446
HHR,Chevrolet,2007,WBAYA6C57FG233784
Park Avenue,Buick,1995,TRUSC28N841405864
Rodeo,Isuzu,2001,1FMCU0C79AK024497
Vigor,Acura,1993,5GAKRAKD2FJ226582
Seville,Cadillac,1994,1D7CW5GK1AS559553
Escape,Ford,2007,1GD422CG9EF695885
Accord,Honda,1991,WA1CFAFP6BA452399
XC90,Volvo,2007,JN1CV6EK4AM615174
SLK-Class,Mercedes-Benz,2006,WAUUL98EX6A617287
Familia,Mazda,1986,JN1AY1AP8BM794596
Sunfire,Pontiac,2000,5NPDH4AE5EH736700
EXP,Ford,1985,2FMGK5DC3AB600434
Ram Van 2500,Dodge,1999,SCFEBBAK8EG904870
XLR-V,Cadillac,2007,SCFFDAAE5CG135213
Sentra,Nissan,1994,WP0AA2A91CS352958
Silverado 3500,Chevrolet,2012,KL4CJESB3FB578400
Highlander,Toyota,2005,3VW507AT2EM665040
GS,Lexus,1997,SAJWA1EKXEM802001
Corrado,Volkswagen,1991,JH4KA96642C141322
Sonata,Hyundai,2009,WBAUU3C51AA525866
F350,Ford,2009,5XYKT3A1XDG710600
Town & Country,Chrysler,1996,19VDE3F35DE401197
Navigator,Lincoln,1998,KNADH4A34B6484469
Windstar,Ford,2003,1G6EC12902B636037
4Runner,Toyota,2011,2T3BFREV5DW991844
C-Class,Mercedes-Benz,1996,1FMJK1J57AE042208
X6,BMW,2011,1GD12ZCG1BF812396
Outback,Subaru,2000,WAUEF78E27A893898
626,Mazda,1991,3VWJX7AJ8AM741010
Yukon,GMC,2001,WBANW53539C008952
Paseo,Toyota,1994,JTEBU5JR6E5991685
Sportvan G30,Chevrolet,1993,SALVP1BG8EH248712
XT,Subaru,1990,JN8AF5MR1CT986977
RX,Lexus,1999,3VWML7AJ2BM937258
300,Chrysler,2009,1HGCR2F32FA375733
Veracruz,Hyundai,2012,JTMHY7AJ0D4014085
3 Series,BMW,1992,1C3CDFCB3ED894470
Maxima,Nissan,1993,WBA1F5C55EV677091
Golf,Volkswagen,2006,3N1CN7AP6FL970033
Avalanche,Chevrolet,2006,WBAWB33517P703179
G,Infiniti,1994,5TDBY5G12BS595236
X-Type,Jaguar,2005,2G4GR5ER6D9127254
Diablo,Lamborghini,1999,JTHBL1EF5B5925350
C70,Volvo,2010,JN8CS1MW5FM991603
Intrepid,Dodge,1996,1D7CE3BK1AS747231
Z4,BMW,2003,WBASN0C51DD115154
Grand Am,Pontiac,2001,4T1BF1FK3DU976239
SLK55 AMG,Mercedes-Benz,2009,SCFAB02E19G015135
Maxima,Nissan,2007,3D7TP2HT6AG618221
Windstar,Ford,2004,WAULC58E75A895633
Gallardo,Lamborghini,2007,WAULD64B02N576271
Bonneville,Pontiac,1987,SCFBB04B18G356721
M6,BMW,2007,1GD01ZCG6BF115885
XC70,Volvo,2009,KNDJT2A21D7207355
Firebird,Pontiac,1986,JN8AZ2KRXET877946
Grand Vitara,Suzuki,2000,JTHBL5EF9D5849643
Cavalier,Chevrolet,1993,1FTEW1CF9FF748291
Q,Infiniti,1993,JTEBU4BF6BK941753
Focus,Ford,2008,WA1WMAFP1EA274411
Venture,Chevrolet,2005,WBAWB33527P843001
Versa,Nissan,2011,JTEBU4BF3BK410025
Quest,Nissan,1996,JH4CU2E62BC158088
Outback,Subaru,2004,1N4AB7AP4EN791829
Ciera,Oldsmobile,1995,WUARL48H84K919452
Breeze,Plymouth,1999,1FTEX1CM1DF029318
Festiva,Ford,1988,JTDZN3EU5FJ106209
GT-R,Nissan,2009,3D73M4CL2AG058712
Econoline E350,Ford,1994,1N6AF0LYXFN249774
80,Audi,1989,KL4CJBSB9EB945037
Escalade,Cadillac,2011,WBADS43462G825372
Corrado,Volkswagen,1993,JTDJTUD36ED633030
Jetta,Volkswagen,1995,2C3CDXFG3FH415501
SC,Lexus,2008,JH4CU2E80DC941009
Grand Am,Pontiac,1994,2HNYD18723H322759
TT,Audi,2001,WBA3F9C50FK907879
545,BMW,2004,WBA3B5C50DP064254
Mirage,Mitsubishi,1993,1G6AH5RX5D0879434
G35,Infiniti,2007,1GTC5LF92C8273436
EX,Infiniti,2012,WBA3F9C5XEF670096
Verona,Suzuki,2006,2HNYD28698H654735
Mighty Max,Mitsubishi,1993,JTDKTUD32ED216718
Crossfire,Chrysler,2004,SCFEBBCF8CG758399
LS,Lincoln,2003,1FTSX2A5XAE616462
Mountaineer,Mercury,2010,1VWAS7A34FC890250
Navigator,Lincoln,2002,WAULC68E95A154504
Tercel,Toyota,1996,3C63DPAL7CG488826
Camaro,Chevrolet,1968,WBA3V5C54EP392916
Sonoma,GMC,2003,WAUDK78T39A377400
Eclipse,Mitsubishi,2009,JTHDU1EF1A5760658
Yukon,GMC,2011,1G6AH5S35F0479982
S40,Volvo,2010,3GYFNBE30ES944241
PT Cruiser,Chrysler,2006,WDDHH8HB2BA937449
B-Series,Mazda,1991,3D73M4CL5BG332258
Commander,Jeep,2010,WAUWFAFR5DA721187
Scoupe,Hyundai,1995,JN1CV6FE2AM056264
XK,Jaguar,2006,1GKKRNED1EJ324667
Passport,Honda,1997,JH4DC54805S014366
S-Series,Saturn,1993,WBAAZ33484K420543
S-Series,Saturn,2001,WAUSF98K09A043937
RX,Lexus,2002,3GYVKMEFXAG372957
Coachbuilder,Buick,1995,5J6TF3H56FL733183
Chevette,Pontiac,1987,1GD422CGXEF456345
Bonneville,Pontiac,1968,1G6AB5R38E0801245
xD,Scion,2012,3C63DPJL8CG168852
RX,Lexus,2010,1YVHZ8BH1A5740164
Boxster,Porsche,2001,3D73M4HL0AG300714
S10,Chevrolet,2004,1VWAP7A38EC585768
Lancer,Mitsubishi,2002,JM1GJ1U59F1014554
Magnum,Dodge,2008,SAJWA4FB7EL111661
Viper,Dodge,1993,WAUWGAFB8AN388021
Equinox,Chevrolet,2006,1FTWW3A55AE793334
DeVille,Cadillac,2004,WBAEH73454B891318
C30,Volvo,2009,3N6CM0KN1FK678894
Stealth,Dodge,1992,3D73Y3CL5BG016342
SLR McLaren,Mercedes-Benz,2007,WA1CV94L67D693970
IS-F,Lexus,2008,WBA6B2C5XFG756374
S40,Volvo,2005,1GTN1UEH7EZ300002
FJ Cruiser,Toyota,2011,WBAFU7C59CD657680
CR-V,Honda,1997,W06VR54R71R533575
F250,Ford,1993,JH4CU2F83CC401425
LX,Lexus,2005,WBAAV53411J513929
TT,Audi,2001,1G4GE5GV5AF510496
Sienna,Toyota,2011,19UUA9F28EA190337
Range Rover,Land Rover,1996,1N6AA0CA4FN028446
E150,Ford,2006,SCFFBCCD8AG108591
RAV4,Toyota,1996,5J8TB4H37DL758338
Caravan,Dodge,1998,JN8AF5MV2FT422451
Tracker,Chevrolet,1998,3C4PDCDG6DT200286
Xterra,Nissan,2006,3VWKX7AJXDM730115
V70,Volvo,2001,WAUAFAFL6CN298200
Odyssey,Honda,1996,WAUBFAFL9EN952601
Courier,Ford,1986,JN1BJ0HR3EM290004
Suburban 1500,GMC,1996,JTHBB1BA3B2231690
V8 Vantage,Aston Martin,2008,WBAEN33465E657450
Econoline E150,Ford,1999,JHMZF1D43FS945237
Pathfinder,Nissan,2005,WAUBF48H68K474394
Century,Buick,1986,3D7TP2CT8BG360910
E350,Ford,2011,WAUHGBFC6DN845789
Zephyr,Lincoln,2006,5N1AT2ML2EC360738
Land Cruiser,Toyota,2010,WBAKE5C56DJ762969
Tacoma Xtra,Toyota,1998,WAURV78T49A662183
Savana 3500,GMC,2000,WBA3A9C58EF285280
Eclipse,Mitsubishi,1993,WAUKGBFB8AN877345
Sienna,Toyota,2001,1FTSX2B58AE269213
1500,Ram,2012,JTJYWRBZ9F2744434
600SEC,Mercedes-Benz,1993,1FTNF1E89AK242149
CTS,Cadillac,2008,JN8AF5MV7FT089034
Element,Honda,2005,4T1BF1FKXCU060978
C-Class,Mercedes-Benz,2009,3C4PDCBB8DT450698
Aztek,Pontiac,2003,WBAFR9C5XCD612650
Tracer,Mercury,1999,WAUML54B13N145229
Pajero,Mitsubishi,2003,SAJWJ1CD7F8290518
Excel,Mitsubishi,1987,1GYS4KEF5BR841648
Nitro,Dodge,2009,2B3CJ7DJ0BH284820
Cooper,MINI,2004,WBAXH5C55DD461122
4000,Audi,1987,1G6DK67V780562010
Starion,Mitsubishi,1989,SALVP2BG6FH464971
X5 M,BMW,2011,YV4902DZ9D2622745
745,BMW,2005,WAUUL98E16A241742
Grand Caravan,Dodge,2006,1G6DF5E58D0532185
Land Cruiser,Toyota,1995,4T1BD1FK6DU043070
530,BMW,2001,1GKUCGEJ6AR395130
H1,Hummer,2003,1G6DJ8EG8A0702154
rio,Volkswagen,1996,1N6AF0LY0FN245247
Corvette,Chevrolet,1995,KMHFH4JGXFA410549
Talon,Eagle,1990,WBSBL93421J932286
SC,Lexus,1998,WAULH54B11N725669
MKX,Lincoln,2012,1N6AA0EC5DN984577
APV,Chevrolet,1993,JN1AZ4EH5BM537798
S70,Volvo,1998,WAUHFAFL2EA381549
S2000,Honda,2002,JH4CL95945C028291
Tucson,Hyundai,2007,WAUBNAFB9BN029931
Solara,Toyota,2000,2HNYD18271H258106
Grand Prix,Pontiac,2003,WAUUL98E28A946357
B-Series,Mazda,2005,TRUVD38J091147487
Ram 1500 Club,Dodge,1996,WVWAW7AH7BV526664
Matrix,Toyota,2010,1FBNE3BL9CD477170
Suburban 2500,Chevrolet,2008,WAULT58EX4A126154
Storm,Geo,1993,WBXPC93438W720655
Sable,Mercury,1992,1D7CW5GK1AS808773
Mountaineer,Mercury,2000,5XYKT3A17BG047810
Navigator,Lincoln,1999,1G6DM8EV2A0173516
Crown Victoria,Ford,1996,1D4PT7GX6AW284480
X6,BMW,2012,1C4AJWAG5EL853466
MX-5,Mazda,1998,JN8AE2KP7B9956378
E-Class,Mercedes-Benz,1990,JTHBF1D21F5737064
Aveo,Chevrolet,2010,1FTMF1CW0AF853449
Monterey,Mercury,2005,3C63DRBL6CG222689
5 Series,BMW,2007,KM8NU4CC2CU634068
Swift,Suzuki,1996,WAUVC68E04A106591
Vibe,Pontiac,2009,1G6AU5S8XE0134226
Silhouette,Oldsmobile,2002,SCBFT7ZA0EC953872
Mazda5,Mazda,2008,1VWAH7A31EC342266
Touareg,Volkswagen,2006,3GYFNHE39DS369414
300ZX,Nissan,1994,1FTEX1EW2AF218294
Concorde,Chrysler,1996,WBAPH73569E884918
Electra,Buick,1987,5J8TB2H50CA903848
S8,Audi,2002,WBALL5C53EP120380
Charade,Daihatsu,1992,5FRYD3H85EB095049
Savana,GMC,2009,5FNRL5H28CB435775
325,BMW,2004,WAULC68E92A941576
Rodeo,Isuzu,1993,WAUDF98E35A969035
Viper,Dodge,2008,3C6JD7DP2CG411674
X-90,Suzuki,1996,1GYS3UKJ6FR739708
Comanche,Jeep,1992,JN8AF5MR8DT009692
Reno,Suzuki,2005,5BZBF0AA6FN304217
V8,Audi,1994,3C63DRNLXCG794019
Explorer,Ford,1994,JH4DC23991S275370
Sonoma,GMC,2004,WAULD64B14N172642
ZX2,Ford,2003,4A4AP3AU5EE821052
CTS,Cadillac,2012,WAUEH98E28A912652
Land Cruiser,Toyota,2010,1FTEX1EW5AK399348
A8,Audi,2005,VNKKTUD39FA134303
Land Cruiser,Toyota,2005,WBAPK73559A393166
F250,Ford,2006,1FTEX1E81AK248847
MX-6,Mazda,1988,2C3CK6CT7BH100471
Maxima,Nissan,2003,WBAPL33549A065274
62,Maybach,2010,19XFB4F29DE691014
Civic,Honda,2007,1GYS4EEJ4CR336952
Park Avenue,Buick,2003,1G6KP5ESXBU099856
GTI,Volkswagen,1987,5BZBF0AA4FN423416
Swift,Suzuki,2000,YV4952BL7E1088815
GS,Lexus,1999,1C4NJPBA7DD016129
Boxster,Porsche,2006,2T1BU4EEXBC497074
Malibu,Chevrolet,2001,KNAFU6A20D5550998
Express 1500,Chevrolet,2012,WBA4B1C53FG577059
MX-5,Mazda,2003,1D4PT4GX5BW372629
Alpina B7,BMW,2007,19UUA66234A168310
Lumina,Chevrolet,1994,WAUAF98E37A886176
Vandura 2500,GMC,1994,2FMDK3AK5CB176728
Expedition,Ford,1997,JHMFA3F20BS356231
Ram,Dodge,2007,SCFEDCAD5CG398056
Matrix,Toyota,2007,1N4AB7AP2EN418028
7 Series,BMW,2007,3C63DRBL7CG917019
MDX,Acura,2008,5NPE24AF0FH731937
Suburban 1500,Chevrolet,2008,WBADX7C58DE785287
5 Series,BMW,1997,WBALZ3C55CD278169
Galant,Mitsubishi,2008,1FTEW1CMXEK644171
B-Series Plus,Mazda,2004,1G4HR57Y07U685603
1500 Club Coupe,GMC,1993,W04GZ5GV1B1166778
DTS,Cadillac,2009,WAUML64B04N267569
Yukon,GMC,2001,1FTMF1E81AF645353
Montero Sport,Mitsubishi,2004,5UXWX7C58DL724463
F150,Ford,1997,WAUDF98E35A452432
Pilot,Honda,2007,3GYFNGE36ES217330
Sable,Mercury,1989,JHMZE2H74ES707196
Edge,Ford,2008,WAURFAFR4DA331288
Camaro,Chevrolet,1979,1C4SDJETXCC355332
Corvette,Chevrolet,1965,KMHCT4AE9DU509049
Boxster,Porsche,2003,WAUCD54B64N283455
Familia,Mazda,1992,1GTN1UEH1EZ058923
Bronco II,Ford,1989,2G4WC582X71070247
Rendezvous,Buick,2003,WBA4C9C58FG886862
Fifth Ave,Chrysler,1992,3C63DPHL0CG804766
Town Car,Lincoln,2008,1G4PT5SV9D4530618
Accord,Honda,2010,2C3CCAAGXCH122066
Golf,Volkswagen,1992,4T1BD1EB1DU135575
F250,Ford,1984,WAULK78K99N819267
V70,Volvo,2003,WBAGN63505D246523
SJ,Suzuki,1987,WBA3B3C50EJ324791
Expedition,Ford,1997,WVGAV7AX9FW803871
Crown Victoria,Ford,2011,1GYS3KEF7DR419399
Intrepid,Dodge,1996,1G6DM8EV8A0351493
Camry,Toyota,1999,3VWKP7AJ1DM223166
EX,Infiniti,2011,WUAUUAFG6EN276843
Prowler,Plymouth,1997,1FTEW1CM0CK427418
Sonata,Hyundai,2012,WVGAV7AX3BW252296
Durango,Dodge,2007,2HNYD189X4H036600
Sienna,Toyota,2000,WBAYF8C54DD036647
F-Series,Ford,1989,JN1BV7AP9FM780910
H1,Hummer,2003,3C4PDCAB9ET185566
Civic GX,Honda,2003,1FADP5CUXFL151773
Imperial,Chrysler,1992,2G4GX5GVXB9190435
Fit,Honda,2012,JA32X2HU7BU727511
Matrix,Toyota,2008,3VWF17AT1FM746064
QX,Infiniti,1997,1GYUCFEJ8AR466439
SL-Class,Mercedes-Benz,2002,WA1DGAFP6FA776203
Impala,Chevrolet,1994,1FMCU0F79FU720316
Achieva,Oldsmobile,1998,WBANE53586C888156
F250,Ford,2011,1N6AA0EC9FN380047
Frontier,Nissan,2006,WAUVC58E23A980238
Protege,Mazda,2001,JN1AZ4FH2FM024285
Clubman,MINI,2009,1N6AF0LX1EN257462
Camaro,Chevrolet,1970,WBA4A7C5XFG091872
Grand Am,Pontiac,1986,JN8AS1MU1CM971284
Freelander,Land Rover,2009,WBANN73537B856976
Aventador,Lamborghini,2012,WA1EV74L47D605060
QX56,Infiniti,2011,WAUSH74F77N788195
Firefly,Pontiac,1994,2G61R5S38D9947302
Land Cruiser,Toyota,2010,1VWAS7A30FC834287
Acadia,GMC,2011,JTHKD5BH4F2953724
Econoline E250,Ford,1997,3VWML7AJ0DM652187
Camry Hybrid,Toyota,2008,KM8NU4CC9AU917791
Montero,Mitsubishi,2006,2B3CA8CT8AH090303
Rodeo,Isuzu,1993,2C4RDGDG4DR765848
Truck,Mitsubishi,1985,WBABW53484P746001
Q,Infiniti,1998,WUARL48H17K311437
Blazer,Chevrolet,2004,1C3BC6EV5AN938902
Tucson,Hyundai,2008,WBAPH73579A252503
Corvette,Chevrolet,1959,WAUHFAFL5EN089631
Journey,Dodge,2009,WAUML54B12N229999
S6,Audi,2009,SCFEBBCF3CG532481
Matrix,Toyota,2008,WBSDE93422C696795
Avalon,Toyota,2008,JN8AZ2NE3F9753668
Suburban 1500,Chevrolet,2001,3D73Y4HL6AG812059
Discovery,Land Rover,2001,3C63DRML5CG897950
G,Infiniti,1995,5TDDK3DC0CS151407
Mustang,Ford,2004,YV4952CY4C1768730
A6,Audi,2009,JN8AE2KP0C9942906
Grand Caravan,Dodge,1996,WAUVC68E55A624021
5 Series,BMW,1994,WAUDH78E56A254502
Avenger,Dodge,1995,JM1NC2JF8C0858171
Suburban 1500,Chevrolet,2004,1NXBU4EE4AZ312160
Alpina B7,BMW,2008,JTDKDTB36D1318405
A4,Audi,2009,1G4HP57M19U161334
Escalade,Cadillac,2009,1G4CW54K214119842
Explorer,Ford,2012,WAUSH74F47N389129
A6,Audi,2001,4USBT53423L766594
Rocky,Daihatsu,1992,WAUMGAFL9AA918018
Loyale,Subaru,1993,WA1AM94L39D218032
Galant,Mitsubishi,2006,JN1BJ0HR2FM013524
Rondo,Kia,2007,WAUKFBFL8CN102669
Concorde,Chrysler,1999,1FBNE3BL9DD756376
Aerostar,Ford,1996,TRUSC28N041683643
Grand Am,Pontiac,1993,2G4WD582681247293
Prelude,Honda,1986,ZHWGU5BR9EL756550
SLK-Class,Mercedes-Benz,2012,3FA6P0LU5ER598362
Aerostar,Ford,1989,JM1NC2MF2D0272398
Town & Country,Chrysler,2006,1GKS1GEJXCR646392
LS,Lexus,1998,WAUWGAFB0BN414578
Cutlass Supreme,Oldsmobile,1995,1G6DK8EV4A0077747
Cavalier,Chevrolet,2001,KMHHT6KD5CU947797
Silhouette,Oldsmobile,1992,1G6DP577X50585371
E-Series,Ford,2007,WAUJFAFH8DN620445
F150,Ford,2006,JTHBL5EF9C5717870
Miata MX-5,Mazda,2001,1G6DL67A680354906
S4,Audi,2009,WAUAF78E56A434197
F150,Ford,2006,WA1CGBFE2CD665383
XJ,Jaguar,2011,JN1BY1AP9DM600147
Tracer,Mercury,1998,SCBZB25E31C942385
E250,Ford,1984,KMHTC6ADXDU660906
Frontier,Nissan,2007,JH4DC54802C694243
Cooper,MINI,2006,19UUA9F28AA902811
Ram Van B150,Dodge,1994,JN1CV6FE3AM278070
Firebird,Pontiac,1989,WAUVFAFR6AA065542
Trooper,Isuzu,1996,1GD01XEG0FZ102183
612 Scaglietti,Ferrari,2009,2C3CDXCT0EH522005
S4,Audi,2004,KMHEC4A41DA542130
2500,Ram,2011,WAUHF78P39A690021
CR-V,Honda,2003,JN1CV6EKXFM465286
Grand Caravan,Dodge,2011,WBACN53401L107105
Impala,Chevrolet,2011,3D4PH9FV7AT241978
Soul,Kia,2011,3D73Y3HL5AG675139
Comanche,Jeep,1992,3G5DA03LX7S759382
CR-Z,Honda,2012,1C4NJCBA6FD469802
Cabriolet,Volkswagen,1995,SCFBF03B38G733460
3500,GMC,1996,1G6AB5S36E0873085
Grand Prix,Pontiac,2006,2FMDK3KC5AB917674
Rainier,Buick,2004,3D73Y4EL2BG768518
Navigator,Lincoln,1999,JN8AZ2KR1AT318134
S-Type,Jaguar,2005,1N6AF0LY3FN372901
Caprice,Chevrolet,1992,WP0AA2A93BS382283
Challenger,Dodge,2008,1N6AF0LY9EN494483
Grand Prix,Pontiac,1994,3C6TD5HT0CG809034
rio,Volkswagen,1997,1N6AF0KX1FN573107
i-350,Isuzu,2006,WBAVB73527K979077
Tribeca,Subaru,2007,2LMDJ6JC1AB072805
Sonoma,GMC,2002,1N6AD0CU4CC424370
DB9,Aston Martin,2006,WBXPC93577W923216
Silverado 1500,Chevrolet,2010,5LMJJ2H55BE410384
9-5,Saab,2007,NM0GE9E7XF1160784
Focus,Ford,2003,1C3ADEBZ7DV780898
EX,Infiniti,2008,5GAEV13DX9J810899
2500 Club Coupe,GMC,1993,WAUDH98E57A580152
300ZX,Nissan,1996,JH4CL959X4C889165
2500,GMC,1994,WBAKF9C50DE327233
Pathfinder,Nissan,1997,1GYS4AKJ9FR818754
Prizm,Chevrolet,2002,WVGBF7A91AD741647
Astro,Chevrolet,2002,1N6AD0CW9EN086862
Grand Marquis,Mercury,2010,JA32X2HU1CU235283
Forester,Subaru,2001,JM3TB2CV4F0110625
Murano,Nissan,2012,JH4CU4F48CC999407
Express 2500,Chevrolet,2010,1FTEX1C86AK710063
Stratus,Dodge,2000,KMHHT6KDXCU899018
GX,Lexus,2010,WAUCD54B04N848654
X6 M,BMW,2012,WBAAV53471F167646
Countach,Lamborghini,1988,1N6AD0CW9EN681680
Safari,GMC,2004,3C3CFFAR4DT956462
Alpina B7,BMW,2007,WAUSGAFC9CN475579
V50,Volvo,2008,1G6AM5S3XF0210646
Grand Prix,Pontiac,1981,WAUDF48H47A279276
Envoy XL,GMC,2004,3GTU2YEJ2BG728526
Sundance,Plymouth,1992,WAUBGAFC2CN993713
Avalon,Toyota,2001,3GYFNDE31DS666461
Prius,Toyota,2004,WP0AB2A94AS141568
E-Class,Mercedes-Benz,1999,1G6KF549X4U951336
Sidekick,Suzuki,1990,WVWBB7AJ3DW158113
Cougar,Mercury,1967,SALWR2TFXFA618725
Metro,Geo,1995,2T3BFREV2EW816646
G-Class,Mercedes-Benz,2012,1G6AD5S34E0415491
Q,Infiniti,1998,2HNYD18251H082110
Express 1500,Chevrolet,2003,5FRYD3H63GB962661
Mustang,Ford,1986,WAUAH78E47A833792
NX,Nissan,1993,WBAUN1C58BV422780
Grand Marquis,Mercury,2009,KMHGH4JH0FU705655
A4,Audi,2003,3VWC17AU8FM159565
Z3,BMW,2000,WAUEF78EX6A179841
Camaro,Chevrolet,1972,2HNYD28527H270026
300,Chrysler,2011,JHMZE2H34DS640921
Avenger,Dodge,2011,5N1AA0NC7DN151071
Grand Cherokee,Jeep,1999,3GYFNBE30CS140812
Crossfire,Chrysler,2006,3C3CFFAR1CT803214
Xterra,Nissan,2010,1G6DM57T470841867
ES,Lexus,1998,5GAKVBED3BJ046115
L300,Mitsubishi,1990,WBA3X9C54FD872278
Starion,Mitsubishi,1986,4F2CY0C72AK609823
Odyssey,Honda,2008,WBA3X9C56ED180358
Silverado 2500,Chevrolet,2011,SCBZB25E22C833465
Sierra 3500,GMC,2001,JN8AF5MVXFT290202
MKX,Lincoln,2011,4USBU33597L126625
F350,Ford,1995,1GYS3GEF8CR725636
Fox,Volkswagen,1990,5N1AA0NC1FN241433
Fiesta,Ford,2001,1FTWW3B50AE961170
xA,Scion,2004,2C3CDXBG7CH523444
Lumina,Chevrolet,1995,1G4HP54K42U278477
Savana 2500,GMC,2004,4T3BA3BB9FU828087
Touareg,Volkswagen,2006,WDDEJ7GB0CA199557
CLK-Class,Mercedes-Benz,1999,3VW467AT2DM345905
RX Hybrid,Lexus,2008,2LMHJ5AR4BB906387
Touareg,Volkswagen,2003,JH4CL95924C716420
Diamante,Mitsubishi,2001,1G6DX67D360662899
VS Commodore,Holden,1996,3GTU1YEJXDG957672
LS,Lexus,1993,WAUKGBFB3BN912956
LTD Crown Victoria,Ford,1984,1GKS1HE05DR781732
Sierra 1500,GMC,2000,3N1CE2CP1EL686632
Impala,Chevrolet,2007,WP0CA2A81FS596534
Cobalt,Chevrolet,2010,KMHGH4JH6CU213904
Express 2500,Chevrolet,2008,JTDKN3DU8A0939391
Econoline E250,Ford,2002,WAUDH78E57A417229
Aerostar,Ford,1997,3D73Y4EL5AG642300
Land Cruiser,Toyota,2010,JN8AZ2KRXCT503852
Yukon XL 1500,GMC,2008,JTJYWRBZ2F2396606
F-Series,Ford,1989,JN8AF5MRXET440746
Soul,Kia,2011,1GYEK63N53R241167
Ram 1500,Dodge,2001,WBA3C3C53EK628964
Tredia,Mitsubishi,1985,KNAFK4A66E5088963
SC,Lexus,1996,2HNYD18624H382498
GranSport,Maserati,2005,1FTSF3B52AE360762
Sportvan G30,Chevrolet,1992,SCFKDCEP4EG604929
Civic GX,Honda,2003,2C4RDGDG8CR463204
Sable,Mercury,1992,1VWAH7A34EC404016
Endeavor,Mitsubishi,2011,5GNRNHEE1A8429629
Malibu,Chevrolet,2009,WBADN63433G688377
Suburban 2500,Chevrolet,1995,1G6DJ5E37D0557950
Sable,Mercury,1992,SCBLF44J58C457597
3 Series,BMW,1997,WAUNF78P26A147824
C8 Double 12 S,Spyker,2006,5TFAW5F15FX633545
Sebring,Chrysler,2003,WAUKH98E78A036664
A6,Audi,2010,1FTFW1E83AF488871
Dakota Club,Dodge,2004,1G6AF5SX6E0411925
Solstice,Pontiac,2009,JN1BV7AP1FM788399
Bonneville,Pontiac,1992,KMHFH4JG6FA512964
Celica,Toyota,2001,JTJBC1BA7E2553023
Stratus,Dodge,2004,W04GU5GC5B1822851
Escape,Ford,2012,1N6AF0LX7FN701736
62,Maybach,2003,WAUDL74F35N621921
500E,Mercedes-Benz,1992,WBAVB33506P942801
9-3,Saab,2005,WBABV13494J899467
Routan,Volkswagen,2012,WBAPH5C56AA253246
Excursion,Ford,2000,3D7JV1EP2BG775244
Suburban 1500,Chevrolet,2001,3VW217AU4FM594126
CL-Class,Mercedes-Benz,2006,1FTWX3D59AE681855
C70,Volvo,2006,WAUWGBFB6BN399980
S-Class,Mercedes-Benz,1995,WBAGL83564D217964
F-Series,Ford,2004,1G6DS57V180527585
Lumina,Chevrolet,1998,1G4HE57Y27U288017
Cayman,Porsche,2010,3N1BC1AP8AL174200
S10,Chevrolet,1997,JA4AD2A3XEZ971940
Skylark,Buick,1990,WAUEG94F56N857198
Focus,Ford,2009,WAUJT54B72N771000
C30,Volvo,2009,WVGAV7AX8AW857381
Ram 3500,Dodge,2004,5N1AN0NWXFN734039
Vision,Eagle,1996,1G6AX5S3XE0051035
Ranger,Ford,1992,SCBFC7ZA7EC082369
Lumina APV,Chevrolet,1992,WBXPA734X4W685679
Trooper,Isuzu,2001,WAUEF98E78A706751
Defender 90,Land Rover,1994,1D7RV1CP7AS908500
Rio,Kia,2011,1GYS4KEF6CR937855
Focus,Ford,2000,1NXBE4EE4AZ754627
Focus,Ford,2006,KNDPB3A22D7040975
F-Series Super Duty,Ford,2007,1GD01ZCG3EF539237
Truck,Mitsubishi,1993,WAUFFAFL6BA248148
Savana 1500,GMC,1997,WVWAP7ANXDE533226
Silhouette,Oldsmobile,2003,WBAKP9C59FD365954
Insight,Honda,2012,WVGAV7AXXBW269774
Escape,Ford,2008,KNAFT4A21D5670929
Town & Country,Chrysler,2004,SCBZK25E43C870132
C30,Volvo,2009,1C3CDFAA3DD241713
QX,Infiniti,2009,1GD02ZCGXEF608518
S-Class,Mercedes-Benz,1994,3GYFNBEY2BS346692
Terrain,GMC,2012,SALFR2BG3FH001491
Mighty Max,Mitsubishi,1996,3D7TP2CT5AG670916
Z8,BMW,2001,KL4CJHSB4DB303746
Impreza WRX,Subaru,2011,WBAUN13529V495167
XG350,Hyundai,2004,3VW217AU8FM328446
Boxster,Porsche,2013,WBAYG0C57DD490244
Cougar,Mercury,1989,WBAXA5C50FD272692
Grand Caravan,Dodge,2006,5UXFE8C54AL296768
Accord,Honda,1997,WAULFAFR9DA198727
Escalade ESV,Cadillac,2007,WBAPK7C52AA367144
New Beetle,Volkswagen,1999,WAUSF98E07A090800
Sebring,Chrysler,1998,WAUNF68P26A075372
9-3,Saab,2002,TRUUT28N331189798
Ram Van B150,Dodge,1992,WAUUL98E57A668665
Sedona,Kia,2011,1N6AF0LX5EN128883
Focus,Ford,2011,1LNHL9DR2CG184193
Spirit,Dodge,1994,WBAPK5C51BA317728
LHS,Chrysler,2001,5GNRNGEE0A8630433
F-Series,Ford,1994,5N1BA0NE4FN828831
Century,Buick,1998,JN8AE2KP8E9893473
Boxster,Porsche,2012,WAULK78K39N128056
Vibe,Pontiac,2006,WA1EV74L27D157529
Topaz,Mercury,1991,1C4NJCBA6FD827660
Sidekick,Suzuki,1989,3GTU1YEJ9BG387113
GL-Class,Mercedes-Benz,2009,JN1CV6FE7AM598637
DeVille,Cadillac,1997,VNKJTUD36FA227632
Tacoma,Toyota,1999,1GD21ZCG5DZ178616
Colt,Dodge,1993,WAULC68E92A637518
Magnum,Dodge,2008,1GYS3RKJ1FR275868
GT,Ford,2006,WBXPA93415W695840
RX-8,Mazda,2005,WBALW3C55FC766167
Paseo,Toyota,1992,WBA3A9C59EF371830
Pathfinder,Nissan,1994,WBAKC6C57AC908436
XLR,Cadillac,2009,1G6AB5RA1F0792940
MR2,Toyota,2003,5NPDH4AE8CH707320
tC,Scion,2011,WAUAFAFL6DN945096
S-Class,Mercedes-Benz,2010,WAUNF98P18A317718
Yaris,Toyota,2011,1B3CB9HA5AD776015
Grand Vitara,Suzuki,2011,ZHWGU5BZ3CL560987
M-Class,Mercedes-Benz,2009,WVGAV3AX6DW623124
Diablo,Lamborghini,2000,WAU3FAFR8AA663378
Beetle,Volkswagen,1965,1G6DF8EG4A0016095
Cobalt SS,Chevrolet,2007,SCFEDCAD0CG196354
C70,Volvo,2004,JTEBU5JR3F5997297
Sienna,Toyota,2012,4T1BK1EB0EU375630
LR3,Land Rover,2006,KM8NU4CC8CU905182
M6,BMW,2006,5J8TB4H52GL641370
Thunderbird,Ford,1983,WAU4FAFL8BA574413
Range Rover Sport,Land Rover,2006,1GKS1GKC3FR685187
626,Mazda,1992,JHMZE2H50DS920899
Swift,Suzuki,1990,2C3CDZAT6FH578997
Q,Infiniti,1998,5N1AT2MK9EC056443
Boxster,Porsche,2005,SCFBF03B48G068990
CLK-Class,Mercedes-Benz,2006,5N1AR1NB2BC539937
Econoline E250,Ford,1993,SAJWA6AT5F8687765
Trooper,Isuzu,1997,WAUDF78E48A588612
Courier,Ford,1986,4T1BD1FK9EU408570
325,BMW,2005,WBAXG5C50CD472546
A8,Audi,2000,TRUSX28N911521350
Sierra Hybrid,GMC,2006,5GAER23798J402655
Ram 1500 Club,Dodge,2000,KNAGM4A70B5803948
S60,Volvo,2002,3GYFNAE33DS326324
Cabriolet,Audi,1994,SCBZK22E62C456076
Savana,GMC,2011,2C3CCAJG2EH482838
9-5,Saab,2008,1N4AA5AP9EC023802
Equinox,Chevrolet,2012,JTHBB1BA4C2376304
Familia,Mazda,1989,1GD311CG7FF119058
Tacoma Xtra,Toyota,1997,3N1CN7AP2FL125731
FX,Infiniti,2012,WAUDF48HX9K097160
Hombre,Isuzu,1997,5FRYD4H42GB933088
Continental Flying Spur,Bentley,2008,3VWJP7AT5CM097969
Challenger,Mitsubishi,1998,WAUDH48H27K978264
Diablo,Lamborghini,2001,4A4AP3AU7DE422741
Regal,Buick,1998,SCBGC3ZA0EC693566
911,Porsche,2007,1G6YV36A465588408
Familia,Mazda,1989,1G6DS5EV0A0604066
E-Series,Ford,2003,5UXWX5C56BL370153
Maxima,Nissan,2003,JH4NA12634T137897
Santa Fe,Hyundai,2003,5TFCW5F17BX802841
Maxima,Nissan,1993,SALFR2BGXDH806305
Grand Caravan,Dodge,1997,WAUKF98E18A200111
Ram Van B250,Dodge,1992,1GYS3HEF6ER071549
Familia,Mazda,1989,19UUA8F25DA845482
Interceptor,Jensen,1966,WAUJF98K39N481159
Montero Sport,Mitsubishi,1999,3N1AB7AP4FY739845
MX-5,Mazda,1992,19UUA66216A562391
Courier,Ford,1986,KMHGC4DD1EU316223
Prelude,Honda,1994,1FTSF3B59AE771673
Skyhawk,Buick,1984,WBXPC93407W786014
Sienna,Toyota,1998,4T1BF3EK6BU050508
Avalon,Toyota,2006,3C3CFFER5CT134360
GTI,Volkswagen,2006,WAULV94E29N922145
LS,Lexus,1990,WUAGNAFG3CN300359
Sportage,Kia,2006,5GADX23L16D252910
Lucerne,Buick,2009,WAUGN94F49N847927
228,Maserati,1989,1FTEW1C86AF715789
8 Series,BMW,1994,1G6DK1E38C0936217
S2000,Honda,2000,WAUFL54D31N271809
S10,Chevrolet,1993,2C3CCARG5DH499779
GTO,Pontiac,1964,JHMGE8G39CS675951
Z8,BMW,2002,JTHBF1D21F5255758
Econoline E350,Ford,1997,1GYS3FEJ6DR988885
APV,Chevrolet,1992,WAUMGAFL8CA037166
XK Series,Jaguar,2003,YV426MDA3F2522469
DB9,Aston Martin,2007,JH4DB76671S653820
Freestyle,Ford,2005,WA1WMAFP6EA877239
Corvette,Chevrolet,2006,WAUFFAFL4FA012507
Astra,Saturn,2009,1G6KE57Y34U135266
Sonata,Hyundai,2006,3C3CFFFH1FT214023
612 Scaglietti,Ferrari,2009,1FTEW1C88AK836718
Metro,Geo,1992,1FADP5BUXDL575162
Insight,Honda,2002,WAUNF98P08A653781
Sierra 2500,GMC,2012,WBAVB13586K714109
Sienna,Toyota,2010,WBALM7C53EE147292
M6,BMW,2009,19UUA66248A618813
xB,Scion,2011,WAUET48HX5K958649
Liberty,Jeep,2005,5GALRBED1AJ954165
Escape,Ford,2011,JA4AP3AU5BZ213375
Elan,Lotus,1994,JN1AZ4EH4FM040473
Grand Am,Pontiac,1991,JTMHY7AJ4D4615001
Electra,Buick,1985,KNDPB3A2XC7189049
Avalon,Toyota,2011,5N1AN0NU0EN559197
MR2,Toyota,2001,2C4RDGBGXFR825587
LeBaron,Chrysler,1992,WP0CA2A87AS838879
Camry,Toyota,2010,1G6DE5EY0B0047646
600SEL,Mercedes-Benz,1993,WBA3N5C5XEK096165
G,Infiniti,2007,1G6DF577590194492
Millenia,Mazda,1996,JN1BJ0HR2EM391597
F-Series,Ford,1989,KL4CJFSBXEB924222
Rally Wagon 1500,GMC,1993,WUAUUAFG6F7836768
Riviera,Buick,1999,WAUEL94F05N287816
645,BMW,2004,2FMGK5C80FB223162
Caravan,Dodge,2009,YV440MBC1F1670589
Catera,Cadillac,1998,1HGCP2E30AA561755
Jetta,Volkswagen,2009,1D4RD4GG1BC421512
Lancer,Mitsubishi,2008,2HNYB1H43CH314231
924,Porsche,1988,1YVHZ8BH8C5813713
Express 1500,Chevrolet,1998,WAUJT68E52A599390
S4,Audi,2008,3MZBM1K71EM163352
Ascender,Isuzu,2009,3C4PDDEG2DT415698
Endeavor,Mitsubishi,2007,1G4HP52K034719042
L-Series,Saturn,2001,3GYFK66NX5G466638
C-Class,Mercedes-Benz,1995,WAUFGBFC9EN309900
3 Series,BMW,1993,5XYKT3A18DG183592
Sierra 3500,GMC,2003,WUATNAFG3CN897849
Corvette,Chevrolet,1972,1GYS4MKJ6FR435453
1500,GMC,1993,1G4GA5GR8EF994930
G6,Pontiac,2006,SCBDR33W57C400995
Ram Van 2500,Dodge,1999,2C3CDYBT4DH892718
Crown Victoria,Ford,1996,WP0AA2A83CS461252
Escape,Ford,2004,5GADT13S772469744
Elantra,Hyundai,1997,5J6TF1H31EL926617
Sidekick,Suzuki,1990,KMHHT6KD7AU641178
Express 2500,Chevrolet,2008,KMHTC6AD7CU033384
Sable,Mercury,2004,4A31K3DT6BE615837
Tacoma,Toyota,2006,3C4PDDEG7CT178835
200,Audi,1990,1G6KP5ES2BU205863
Hombre,Isuzu,1998,3VW1K7AJ1DM121263
Trans Sport,Pontiac,1993,WBASP2C51CC567115
I,Infiniti,2000,1C3CDFBB4FD011771
Wrangler,Jeep,2005,1N6AF0LX3FN907782
