cedula,nombre,apellido,email,cantidad_vehiculos_rentados,direccion,activo
22440993,Car,Jekyll,cjekyll0@princeton.edu,3,53 Sage Circle,Si
7243481,Odele,McClelland,omcclelland1@addthis.com,3,763 Merchant Court,Si
23242725,Davey,Danet,ddanet2@reverbnation.com,2,8 Twin Pines Alley,No
23735204,Meghan,Pitford,mpitford3@tiny.cc,2,81276 Judy Hill,No
31468553,Drusie,Chrichton,dchrichton4@youku.com,2,569 Meadow Vale Parkway,Si
23603252,Melva,Carrabot,mcarrabot5@phoca.cz,3,72380 Arrowood Court,Si
12635029,Tierney,Wooster,twooster6@symantec.com,2,8243 Raven Place,Si
16712122,Averyl,Elliman,aelliman7@netvibes.com,4,200 North Plaza,No
27047455,Holt,Matous,hmatous8@g.co,2,020 Fieldstone Center,Si
17400688,Sybilla,Pley,spley9@vk.com,4,9 Charing Cross Circle,No
13541675,Blondie,Bedberry,bbedberrya@fc2.com,4,327 Reindahl Lane,No
26105357,Rowen,Bampton,rbamptonb@i2i.jp,1,001 Loftsgordon Park,Si
15239100,Lorry,Hanniger,lhannigerc@yahoo.co.jp,5,48 Fairview Plaza,Si
21357935,Freddy,Saill,fsailld@ft.com,2,79 Transport Junction,No
24119971,Vivian,Treamayne,vtreamaynee@csmonitor.com,5,13162 Lukken Terrace,Si
15883475,Sonni,Rawson,srawsonf@elpais.com,5,7 Oriole Parkway,Si
18708625,Rollins,Branwhite,rbranwhiteg@vkontakte.ru,3,44 Delaware Junction,Si
26009940,Hyacinthe,Simpson,hsimpsonh@list-manage.com,2,81662 Dawn Court,Si
25830746,Reinhard,Weatherby,rweatherbyi@psu.edu,4,71120 Graedel Junction,No
24051998,Griff,Orchard,gorchardj@apple.com,2,28 Mayfield Road,Si
25904599,Kelcie,Castellino,kcastellinok@yale.edu,5,42 Thompson Junction,Si
22673242,Daveen,Allaker,dallakerl@miibeian.gov.cn,3,7907 Fairview Place,Si
30740353,Doti,Carradice,dcarradicem@odnoklassniki.ru,4,83 Darwin Parkway,No
7168682,Verla,Champe,vchampen@flickr.com,1,081 4th Terrace,Si
24965049,Laurette,Ornelas,lornelaso@forbes.com,3,013 Oxford Court,Si
22508788,Waverly,Fewless,wfewlessp@goo.ne.jp,4,3 Debra Drive,Si
9509207,Adam,Cardinale,acardinaleq@reverbnation.com,2,4 Donald Parkway,No
29896856,Glynn,Seeborne,gseeborner@yahoo.co.jp,5,05 Lien Center,No
25621693,Germain,Randals,grandalss@rambler.ru,1,60 Main Drive,Si
24399492,Virginia,Kiffin,vkiffint@bloglines.com,5,202 Novick Court,Si
11165558,Hettie,Garioch,hgariochu@blogger.com,2,8765 Donald Circle,No
12525020,Franni,Alasdair,falasdairv@163.com,3,21491 Scoville Center,No
28861735,Ingrim,Waddie,iwaddiew@marriott.com,4,5 Roxbury Way,No
8537581,Enoch,Percifer,eperciferx@stanford.edu,1,6 Schiller Parkway,Si
27456353,Del,Dudson,ddudsony@google.co.uk,3,40992 Bluejay Court,Si
26560874,Becky,Avard,bavardz@icio.us,3,7 Elgar Circle,No
26519654,Ingemar,Meale,imeale10@discovery.com,4,2 Ronald Regan Avenue,No
9196787,Myrilla,Gallanders,mgallanders11@dailymail.co.uk,2,4 Dovetail Parkway,No
14516929,Carry,Sallarie,csallarie12@accuweather.com,3,75 Milwaukee Avenue,Si
24355318,Lonny,Nucciotti,lnucciotti13@economist.com,4,13 Mandrake Lane,No
30553035,Christye,Cornfield,ccornfield14@nyu.edu,5,9 Iowa Pass,No
12226403,Carmelina,Hakonsen,chakonsen15@arstechnica.com,5,69 Hallows Lane,Si
8513570,Janeen,Keld,jkeld16@gravatar.com,2,01 Artisan Trail,Si
22842437,Maighdiln,Masic,mmasic17@macromedia.com,5,32 Hollow Ridge Street,No
8522092,Sawyere,Milnes,smilnes18@ucoz.ru,4,81 Autumn Leaf Alley,No
23884814,Sissie,Lorey,slorey19@php.net,1,1026 Scofield Road,Si
6476699,Elihu,Bener,ebener1a@arizona.edu,4,4191 Emmet Pass,No
23648224,Cal,Brabbins,cbrabbins1b@dot.gov,3,1574 Coleman Junction,Si
31109438,Erhart,Pollard,epollard1c@feedburner.com,2,7633 7th Center,Si
24908986,Cam,Umbers,cumbers1d@chicagotribune.com,5,78210 Fairview Lane,No
25261668,Ruby,Lapthorne,rlapthorne1e@tiny.cc,3,11 South Parkway,No
9074214,Gabbi,Lynthal,glynthal1f@sakura.ne.jp,5,4 Sherman Place,Si
12708211,Cchaddie,Dabs,cdabs1g@va.gov,5,7 Nevada Way,No
22614137,Shalna,Meechan,smeechan1h@de.vu,1,8 Sachs Terrace,Si
17861550,Osmund,Haws,ohaws1i@a8.net,3,3312 Corscot Junction,No
30929377,Arin,Kevane,akevane1j@noaa.gov,3,7688 Upham Place,No
8566440,Felix,Vicioso,fvicioso1k@pen.io,1,8 Forest Circle,No
25609833,Ambrosi,Ronci,aronci1l@businessweek.com,3,9279 Grover Pass,No
21635893,Sebastien,Dmitrovic,sdmitrovic1m@ustream.tv,2,849 Starling Drive,Si
21061165,Shelton,Burkart,sburkart1n@independent.co.uk,3,24390 Michigan Place,No
31038831,Marlene,Branigan,mbranigan1o@pcworld.com,4,4 Farragut Hill,No
15621167,Carmela,Bilt,cbilt1p@fastcompany.com,4,93 Village Green Junction,No
13959724,Nil,McCory,nmccory1q@usgs.gov,5,64999 Rusk Crossing,No
14008461,Josephina,Edwicke,jedwicke1r@istockphoto.com,5,89 Gateway Way,Si
20052924,Roley,Huriche,rhuriche1s@google.co.jp,4,50 Fair Oaks Center,No
12926368,Zena,Harower,zharower1t@imdb.com,3,334 Tomscot Junction,Si
24062649,Cindie,Parmiter,cparmiter1u@facebook.com,2,49927 Sunfield Drive,Si
20790857,Marina,Brian,mbrian1v@youtu.be,1,9 North Court,Si
8471813,Lucho,Glassborow,lglassborow1w@spotify.com,5,607 Nobel Hill,Si
26987291,Cathi,Filipyev,cfilipyev1x@123-reg.co.uk,4,904 Ohio Alley,Si
24693623,Rheba,Follis,rfollis1y@wikimedia.org,4,416 Morning Way,No
18517588,Emlyn,Palek,epalek1z@youtu.be,2,171 Dawn Plaza,Si
21987468,Ernie,Kinghorn,ekinghorn20@google.com.br,3,03 Rowland Street,Si
28050193,Analise,Burtwhistle,aburtwhistle21@intel.com,2,31 Lyons Crossing,Si
8605247,Clyve,Deeth,cdeeth22@japanpost.jp,2,20 Burrows Lane,Si
11145211,Ottilie,Prahm,oprahm23@biblegateway.com,1,3350 Burning Wood Way,No
8473806,Daniel,Pepperrall,dpepperrall24@walmart.com,4,0306 Red Cloud Pass,No
21574074,Mayer,Shanklin,mshanklin25@accuweather.com,4,50860 Farragut Way,No
23315250,Arvin,Branchflower,abranchflower26@hud.gov,2,9 Leroy Alley,No
13419744,Ronna,Edscer,redscer27@cbc.ca,1,9 Brown Point,No
12492225,Sal,Redwin,sredwin28@nytimes.com,3,3 Helena Plaza,No
23749327,Shawn,Pund,spund29@dion.ne.jp,2,20829 Burrows Lane,No
25297447,Timofei,Dinjes,tdinjes2a@discovery.com,1,7 Starling Road,No
8299665,Elyse,Rhoddie,erhoddie2b@amazon.com,3,5 Sullivan Street,Si
26017174,Merrill,Bucknell,mbucknell2c@nhs.uk,4,4601 Nelson Place,No
16400093,Tomaso,Bartczak,tbartczak2d@twitpic.com,3,1 Scofield Avenue,No
28176280,Tanner,Shucksmith,tshucksmith2e@cloudflare.com,2,88045 Eastwood Street,No
7891601,Mariya,Cargo,mcargo2f@wsj.com,3,4 Bashford Plaza,No
14499867,Coretta,Ruilton,cruilton2g@dyndns.org,1,6797 Holy Cross Plaza,Si
13951018,Obed,Cicchillo,ocicchillo2h@ebay.co.uk,5,932 Stoughton Terrace,No
13802435,De,Cottrill,dcottrill2i@yolasite.com,3,7810 Meadow Ridge Court,No
16298209,Kriste,Antognozzii,kantognozzii2j@narod.ru,2,574 Warbler Crossing,Si
29499281,Reynold,Toulson,rtoulson2k@netlog.com,1,63943 Roxbury Parkway,No
29235508,Job,Hamal,jhamal2l@independent.co.uk,5,05 Maple Point,Si
28565723,Fanechka,Arnoult,farnoult2m@unicef.org,4,67250 Katie Place,No
14982565,Fulvia,Senner,fsenner2n@icio.us,5,35532 Tennyson Pass,No
12592448,Jehu,Iacovelli,jiacovelli2o@hatena.ne.jp,5,8750 Norway Maple Point,No
12110119,Ephrayim,Biggen,ebiggen2p@princeton.edu,2,718 Sullivan Center,Si
8269040,Caron,Cardenas,ccardenas2q@hatena.ne.jp,2,6 Sunfield Parkway,No
11122117,Jolene,Bullivent,jbullivent2r@intel.com,1,5 Myrtle Avenue,Si
31735199,,castillo,miguelangel@gmail.com,2,piedras del sol,si
1234455,robert,tito,robertito@gmail.com,1,su casa,si
23456789,carli,beth,carlibeth@gmail.com,3,casa de su mama,si
7654321,teresa,careno,teresacareno@gmail.com,3,casa,si
